{
  "version": "2024.1",
  "applications": [],
  "platforms": [
    {
      "name": "motor_driver_finalV"
    }
  ],
  "systems": [
    {
      "name": "motor_driver_app_system",
      "platform": "E:/vitis_projects/auto_project/motor_driver/motor_driver_finalV/export/motor_driver_finalV/motor_driver_finalV.xpfm",
      "sysConfig": "motor_driver_finalV",
      "buildConfig": "Debug",
      "applications": [
        {
          "name": "motor_driver_app",
          "platform": "E:/vitis_projects/auto_project/motor_driver/motor_driver_finalV/export/motor_driver_finalV/motor_driver_finalV.xpfm",
          "platformPath": "E:\\vitis_projects\\auto_project\\motor_driver\\motor_driver_finalV\\export\\motor_driver_finalV",
          "sysConfig": "motor_driver_finalV",
          "domain": "standalone_ps7_cortexa9_0",
          "system": "motor_driver_app_system"
        }
      ],
      "platformPath": "E:\\vitis_projects\\auto_project\\motor_driver\\motor_driver_finalV\\export\\motor_driver_finalV"
    }
  ],
  "others": []
}